<?xml version="1.0" encoding="utf-8"?>
<Signature>
  <Version>1.0</Version>
  <RelatedEBD>
    <EBDID>100102321323000000010000000000000544</EBDID>
  </RelatedEBD>
  <SignatureCert>
    <CertType>01</CertType>
    <IssuerID>
    </IssuerID>
    <CertSN>
    </CertSN>
  </SignatureCert>
  <SignatureTime>01-A4-36-01-EC-03-E5-40</SignatureTime>
  <DigestAlgorithm>SM3</DigestAlgorithm>
  <SignatureAlgorithm>SM2</SignatureAlgorithm>
  <SignatureValue>&#x0;&#x0;&#x0;&#x0;&#x0;&#x0;&#x0;&#x0;&#x0;&#x0;&#x0;&#x0;&#x0;&#x0;&#x0;&#x0;&#x0;&#x0;&#x0;&#x0;&#x0;&#x0;&#x0;&#x0;&#x0;&#x0;&#x0;&#x0;&#x0;&#x0;&#x0;&#x0;&#x0;&#x0;&#x0;&#x0;&#x0;&#x0;&#x0;&#x0;&#x0;&#x0;&#x0;&#x0;&#x0;&#x0;&#x0;&#x0;&#x0;&#x0;&#x0;&#x0;&#x0;&#x0;&#x0;&#x0;&#x0;&#x0;&#x0;&#x0;&#x0;&#x0;&#x0;&#x0;&#x0;&#x0;&#x0;&#x0;&#x0;&#x0;&#x0;&#x0;&#x0;&#x0;&#x0;&#x0;&#x0;&#x0;&#x0;&#x0;&#x0;&#x0;&#x0;&#x0;&#x0;&#x0;&#x0;&#x0;&#x0;&#x0;&#x0;&#x0;&#x0;&#x0;&#x0;&#x0;&#x0;&#x0;&#x0;&#x0;</SignatureValue>
</Signature>
